Anton Paar Monowave Series;;;;;;;;
Serial Number: 82701239;;;;;;;;
Instrument Software Version: 4.10.10607.14;;;;;;;;
;;;;;;;;
Processing Protocol;;;;;;;;
Experiment Name;vb-8min;;;;;;;
Experiment Date;10/20/2022 11:10:11 AM;;;;;;;
Experiment Unique ID;982;;;;;;;
User;Administrator;;;;;;;
Temperature Control;IR;;;;;;;
Vial Type;Glass vial G30;;;;;;;
;;;;;;;;
Steps;;;;;;;;
Step;Program;Temperature;Time;Power;Cooling;Stirrer Speed;;
;;C;hh:mm:ss;W;;rpm;;
1;Heat to temperature in time;60;00:01:30;850;Off;800;;
2;Hold;-;00:06:30;850;Off;800;;
3;Cool down;60;-;-;On;800;;
;;;;;;;;
Experiment Result;;;;;;;;
Result;OK;;;;;;;
;;;;;;;;
;;;;;;;;
Time;Step Time;Temp IR;Temp Ruby;Pressure;Power;Stirrer Speed;Fan Level;Step No.
hh:mm:ss;hh:mm:ss;C;C;bar;W;rpm;;
00:00:00;00:00:00;32;31;0.0;0;800;Off;1
00:00:01;00:00:01;31;31;0.0;2;800;Off;1
00:00:02;00:00:02;32;31;0.0;4;800;Off;1
00:00:03;00:00:03;32;31;0.0;7;800;Off;1
00:00:04;00:00:04;31;31;0.0;14;800;Off;1
00:00:05;00:00:05;32;31;0.0;19;800;Off;1
00:00:06;00:00:06;33;31;0.0;24;800;Off;1
00:00:07;00:00:07;32;31;0.0;33;800;Off;1
00:00:08;00:00:08;33;31;0.0;41;800;Off;1
00:00:09;00:00:09;32;31;0.0;49;800;Off;1
00:00:10;00:00:10;32;31;0.0;65;800;Off;1
00:00:11;00:00:11;33;31;0.0;69;800;Off;1
00:00:12;00:00:12;33;31;0.0;78;800;Off;1
00:00:13;00:00:13;34;31;0.0;77;800;Off;1
00:00:14;00:00:14;34;31;0.0;85;800;Off;1
00:00:15;00:00:15;35;31;0.0;86;800;Off;1
00:00:16;00:00:16;36;31;0.0;65;800;Off;1
00:00:17;00:00:17;36;31;0.0;60;800;Off;1
00:00:18;00:00:18;37;31;0.0;46;800;Off;1
00:00:19;00:00:19;38;31;0.0;39;800;Off;1
00:00:20;00:00:20;39;31;0.0;32;800;Off;1
00:00:21;00:00:21;39;31;0.0;36;800;Off;1
00:00:22;00:00:22;41;31;0.0;29;800;Off;1
00:00:23;00:00:23;42;31;0.0;22;800;Off;1
00:00:24;00:00:24;42;31;0.0;25;800;Off;1
00:00:25;00:00:25;44;31;0.0;24;800;Off;1
00:00:26;00:00:26;45;31;0.0;19;800;Off;1
00:00:27;00:00:27;46;31;0.0;13;800;Off;1
00:00:28;00:00:28;47;31;0.0;12;800;Off;1
00:00:29;00:00:29;48;31;0.0;10;800;Off;1
00:00:30;00:00:30;49;31;0.0;8;800;Off;1
00:00:31;00:00:31;50;31;0.0;6;800;Off;1
00:00:32;00:00:32;51;31;0.0;5;800;Off;1
00:00:33;00:00:33;51;31;0.0;3;800;Off;1
00:00:34;00:00:34;53;31;0.0;2;800;Off;1
00:00:35;00:00:35;54;31;0.0;1;800;Off;1
00:00:36;00:00:36;55;31;0.0;0;800;Off;1
00:00:37;00:00:37;55;31;0.0;0;800;Off;1
00:00:38;00:00:38;56;31;0.0;0;800;Off;1
00:00:39;00:00:39;56;31;0.0;0;800;Off;1
00:00:40;00:00:40;57;31;0.0;0;800;Off;1
00:00:41;00:00:41;58;31;0.0;0;800;Off;1
00:00:42;00:00:42;58;31;0.0;0;800;Off;1
00:00:43;00:00:43;59;31;0.0;0;800;Off;1
00:00:44;00:00:44;59;31;0.0;0;800;Off;1
00:00:45;00:00:45;59;31;0.0;0;800;Off;1
00:00:46;00:00:46;59;31;0.0;0;800;Off;1
00:00:47;00:00:47;59;31;0.0;0;800;Off;1
00:00:48;00:00:48;60;31;0.0;0;800;Off;1
00:00:49;00:00:49;60;31;0.0;0;800;Off;1
00:00:50;00:00:50;60;31;0.0;0;800;Off;1
00:00:51;00:00:51;60;31;0.0;0;800;Off;1
00:00:52;00:00:52;60;31;0.0;0;800;Off;1
00:00:53;00:00:53;61;31;0.0;0;800;Off;1
00:00:54;00:00:54;61;31;0.0;0;800;Off;1
00:00:55;00:00:55;61;31;0.0;0;800;Off;1
00:00:56;00:00:56;61;31;0.0;0;800;Off;1
00:00:57;00:00:57;61;31;0.0;0;800;Off;1
00:00:58;00:00:58;61;31;0.0;0;800;Off;1
00:00:59;00:00:59;61;31;0.0;0;800;Off;1
00:01:00;00:01:00;61;31;0.0;0;800;Off;1
00:01:01;00:01:01;61;31;0.0;0;800;Off;1
00:01:02;00:01:02;61;31;0.0;0;800;Off;1
00:01:03;00:01:03;61;31;0.0;0;800;Off;1
00:01:04;00:01:04;61;31;0.0;0;800;Off;1
00:01:05;00:01:05;61;31;0.0;0;800;Off;1
00:01:06;00:01:06;62;31;0.0;0;800;Off;1
00:01:07;00:01:07;61;31;0.0;0;800;Off;1
00:01:08;00:01:08;61;31;0.0;0;800;Off;1
00:01:09;00:01:09;61;31;0.0;0;800;Off;1
00:01:10;00:01:10;61;31;0.0;0;800;Off;1
00:01:11;00:01:11;62;31;0.0;0;800;Off;1
00:01:12;00:01:12;61;31;0.0;0;800;Off;1
00:01:13;00:01:13;61;31;0.0;0;800;Off;1
00:01:14;00:01:14;61;31;0.0;0;800;Off;1
00:01:15;00:01:15;61;31;0.0;0;800;Off;1
00:01:16;00:01:16;61;31;0.0;0;800;Off;1
00:01:17;00:01:17;61;31;0.0;0;800;Off;1
00:01:18;00:01:18;61;31;0.0;0;800;Off;1
00:01:19;00:01:19;61;31;0.0;0;800;Off;1
00:01:20;00:01:20;61;31;0.0;0;800;Off;1
00:01:21;00:01:21;61;31;0.0;0;800;Off;1
00:01:22;00:01:22;61;31;0.0;0;800;Off;1
00:01:23;00:01:23;61;31;0.0;0;800;Off;1
00:01:24;00:01:24;61;31;0.0;0;800;Off;1
00:01:25;00:01:25;61;31;0.0;0;800;Off;1
00:01:26;00:01:26;61;31;0.0;0;800;Off;1
00:01:27;00:01:27;61;31;0.0;0;800;Off;1
00:01:28;00:01:28;61;31;0.0;0;800;Off;1
00:01:29;00:01:29;61;31;0.0;0;800;Off;1
00:01:30;00:01:30;61;31;0.0;0;800;Off;1
00:01:31;00:00:00;61;31;0.0;0;800;Off;2
00:01:32;00:00:01;61;31;0.0;0;800;Off;2
00:01:33;00:00:02;61;31;0.0;0;800;Off;2
00:01:34;00:00:03;60;31;0.0;0;800;Off;2
00:01:35;00:00:04;61;31;0.0;0;800;Off;2
00:01:36;00:00:05;61;31;0.0;0;800;Off;2
00:01:37;00:00:06;61;31;0.0;0;800;Off;2
00:01:38;00:00:07;61;31;0.0;0;800;Off;2
00:01:39;00:00:08;61;31;0.0;0;800;Off;2
00:01:40;00:00:09;60;31;0.0;0;800;Off;2
00:01:41;00:00:10;61;31;0.0;0;800;Off;2
00:01:42;00:00:11;61;31;0.0;0;800;Off;2
00:01:43;00:00:12;60;31;0.0;0;800;Off;2
00:01:44;00:00:13;61;31;0.0;0;800;Off;2
00:01:45;00:00:14;60;31;0.0;0;800;Off;2
00:01:46;00:00:15;60;31;0.0;0;800;Off;2
00:01:47;00:00:16;61;31;0.0;0;800;Off;2
00:01:48;00:00:17;60;31;0.0;0;800;Off;2
00:01:49;00:00:18;60;31;0.0;0;800;Off;2
00:01:50;00:00:19;60;31;0.0;0;800;Off;2
00:01:51;00:00:20;60;31;0.0;0;800;Off;2
00:01:52;00:00:21;60;31;0.0;0;800;Off;2
00:01:53;00:00:22;60;31;0.0;0;800;Off;2
00:01:54;00:00:23;60;31;0.0;0;800;Off;2
00:01:55;00:00:24;60;31;0.0;0;800;Off;2
00:01:56;00:00:25;60;31;0.0;0;800;Off;2
00:01:57;00:00:26;60;31;0.0;0;800;Off;2
00:01:58;00:00:27;60;31;0.0;0;800;Off;2
00:01:59;00:00:28;60;31;0.0;0;800;Off;2
00:02:00;00:00:29;60;31;0.0;0;800;Off;2
00:02:01;00:00:30;60;31;0.0;0;800;Off;2
00:02:02;00:00:31;59;31;0.0;0;800;Off;2
00:02:03;00:00:32;60;31;0.0;0;800;Off;2
00:02:04;00:00:33;60;31;0.0;0;800;Off;2
00:02:05;00:00:34;60;31;0.0;1;800;Off;2
00:02:06;00:00:35;60;31;0.0;1;800;Off;2
00:02:07;00:00:36;60;31;0.0;1;800;Off;2
00:02:08;00:00:37;59;31;0.0;1;800;Off;2
00:02:09;00:00:38;60;31;0.0;2;800;Off;2
00:02:10;00:00:39;60;31;0.0;1;800;Off;2
00:02:11;00:00:40;59;31;0.0;2;800;Off;2
00:02:12;00:00:41;60;31;0.0;3;800;Off;2
00:02:13;00:00:42;60;31;0.0;2;800;Off;2
00:02:14;00:00:43;59;31;0.0;3;800;Off;2
00:02:15;00:00:44;59;31;0.0;3;800;Off;2
00:02:16;00:00:45;59;31;0.0;6;800;Off;2
00:02:17;00:00:46;59;31;0.0;5;800;Off;2
00:02:18;00:00:47;59;31;0.0;5;800;Off;2
00:02:19;00:00:48;59;31;0.0;5;800;Off;2
00:02:20;00:00:49;59;31;0.0;5;800;Off;2
00:02:21;00:00:50;59;31;0.0;5;800;Off;2
00:02:22;00:00:51;59;31;0.0;6;800;Off;2
00:02:23;00:00:52;59;31;0.0;5;800;Off;2
00:02:24;00:00:53;59;31;0.0;7;800;Off;2
00:02:25;00:00:54;59;31;0.0;6;800;Off;2
00:02:26;00:00:55;59;31;0.0;9;800;Off;2
00:02:27;00:00:56;60;31;0.0;7;800;Off;2
00:02:28;00:00:57;59;31;0.0;9;800;Off;2
00:02:29;00:00:58;60;31;0.0;6;800;Off;2
00:02:30;00:00:59;59;31;0.0;7;800;Off;2
00:02:31;00:01:00;59;31;0.0;5;800;Off;2
00:02:32;00:01:01;59;31;0.0;6;800;Off;2
00:02:33;00:01:02;60;31;0.0;5;800;Off;2
00:02:34;00:01:03;60;31;0.0;4;800;Off;2
00:02:35;00:01:04;60;31;0.0;4;800;Off;2
00:02:36;00:01:05;61;31;0.0;3;800;Off;2
00:02:37;00:01:06;60;31;0.0;3;800;Off;2
00:02:38;00:01:07;60;31;0.0;3;800;Off;2
00:02:39;00:01:08;61;31;0.0;2;800;Off;2
00:02:40;00:01:09;60;31;0.0;2;800;Off;2
00:02:41;00:01:10;61;31;0.0;2;800;Off;2
00:02:42;00:01:11;61;31;0.0;1;800;Off;2
00:02:43;00:01:12;60;31;0.0;1;800;Off;2
00:02:44;00:01:13;61;31;0.0;1;800;Off;2
00:02:45;00:01:14;60;31;0.0;1;800;Off;2
00:02:46;00:01:15;60;31;0.0;1;800;Off;2
00:02:47;00:01:16;60;31;0.0;0;800;Off;2
00:02:48;00:01:17;61;31;0.0;0;800;Off;2
00:02:49;00:01:18;61;31;0.0;0;800;Off;2
00:02:50;00:01:19;61;31;0.0;0;800;Off;2
00:02:51;00:01:20;60;31;0.0;0;800;Off;2
00:02:52;00:01:21;60;31;0.0;0;800;Off;2
00:02:53;00:01:22;60;31;0.0;0;800;Off;2
00:02:54;00:01:23;60;31;0.0;0;800;Off;2
00:02:55;00:01:24;61;31;0.0;0;800;Off;2
00:02:56;00:01:25;60;31;0.0;0;800;Off;2
00:02:57;00:01:26;61;31;0.0;0;800;Off;2
00:02:58;00:01:27;60;31;0.0;0;800;Off;2
00:02:59;00:01:28;60;31;0.0;0;800;Off;2
00:03:00;00:01:29;60;31;0.0;0;800;Off;2
00:03:01;00:01:30;60;31;0.0;0;800;Off;2
00:03:02;00:01:31;60;31;0.0;0;800;Off;2
00:03:03;00:01:32;60;31;0.0;0;800;Off;2
00:03:04;00:01:33;60;31;0.0;0;800;Off;2
00:03:05;00:01:34;60;31;0.0;0;800;Off;2
00:03:06;00:01:35;60;31;0.0;0;800;Off;2
00:03:07;00:01:36;60;31;0.0;0;800;Off;2
00:03:08;00:01:37;59;31;0.0;0;800;Off;2
00:03:09;00:01:38;60;31;0.0;0;800;Off;2
00:03:10;00:01:39;59;31;0.0;0;800;Off;2
00:03:11;00:01:40;59;31;0.0;0;800;Off;2
00:03:12;00:01:41;60;31;0.0;1;800;Off;2
00:03:13;00:01:42;59;31;0.0;1;800;Off;2
00:03:14;00:01:43;59;31;0.0;1;800;Off;2
00:03:15;00:01:44;59;31;0.0;2;800;Off;2
00:03:16;00:01:45;59;31;0.0;2;800;Off;2
00:03:17;00:01:46;59;31;0.0;3;800;Off;2
00:03:18;00:01:47;60;31;0.0;3;800;Off;2
00:03:19;00:01:48;59;31;0.0;3;800;Off;2
00:03:20;00:01:49;59;31;0.0;3;800;Off;2
00:03:21;00:01:50;59;31;0.0;4;800;Off;2
00:03:22;00:01:51;59;31;0.0;4;800;Off;2
00:03:23;00:01:52;59;31;0.0;5;800;Off;2
00:03:24;00:01:53;59;31;0.0;5;800;Off;2
00:03:25;00:01:54;59;31;0.0;5;800;Off;2
00:03:26;00:01:55;59;31;0.0;6;800;Off;2
00:03:27;00:01:56;58;31;0.0;5;800;Off;2
00:03:28;00:01:57;59;31;0.0;10;800;Off;2
00:03:29;00:01:58;59;31;0.0;7;800;Off;2
00:03:30;00:01:59;59;31;0.0;8;800;Off;2
00:03:31;00:02:00;59;31;0.0;7;800;Off;2
00:03:32;00:02:01;59;31;0.0;9;800;Off;2
00:03:33;00:02:02;59;31;0.0;7;800;Off;2
00:03:34;00:02:03;59;31;0.0;10;800;Off;2
00:03:35;00:02:04;59;31;0.0;10;800;Off;2
00:03:36;00:02:05;59;31;0.0;7;800;Off;2
00:03:37;00:02:06;59;31;0.0;6;800;Off;2
00:03:38;00:02:07;60;31;0.0;4;800;Off;2
00:03:39;00:02:08;60;31;0.0;5;800;Off;2
00:03:40;00:02:09;60;31;0.0;3;800;Off;2
00:03:41;00:02:10;60;31;0.0;2;800;Off;2
00:03:42;00:02:11;61;31;0.0;2;800;Off;2
00:03:43;00:02:12;60;31;0.0;1;800;Off;2
00:03:44;00:02:13;61;31;0.0;1;800;Off;2
00:03:45;00:02:14;61;31;0.0;1;800;Off;2
00:03:46;00:02:15;61;31;0.0;1;800;Off;2
00:03:47;00:02:16;61;31;0.0;0;800;Off;2
00:03:48;00:02:17;61;31;0.0;0;800;Off;2
00:03:49;00:02:18;61;31;0.0;0;800;Off;2
00:03:50;00:02:19;61;31;0.0;0;800;Off;2
00:03:51;00:02:20;61;31;0.0;0;800;Off;2
00:03:52;00:02:21;62;31;0.0;0;800;Off;2
00:03:53;00:02:22;61;31;0.0;0;800;Off;2
00:03:54;00:02:23;61;31;0.0;0;800;Off;2
00:03:55;00:02:24;61;31;0.0;0;800;Off;2
00:03:56;00:02:25;61;31;0.0;0;800;Off;2
00:03:57;00:02:26;61;31;0.0;0;800;Off;2
00:03:58;00:02:27;61;31;0.0;0;800;Off;2
00:03:59;00:02:28;61;31;0.0;0;800;Off;2
00:04:00;00:02:29;61;31;0.0;0;800;Off;2
00:04:01;00:02:30;61;31;0.0;0;800;Off;2
00:04:02;00:02:31;61;31;0.0;0;800;Off;2
00:04:03;00:02:32;61;31;0.0;0;800;Off;2
00:04:04;00:02:33;61;31;0.0;0;800;Off;2
00:04:05;00:02:34;61;31;0.0;0;800;Off;2
00:04:06;00:02:35;61;31;0.0;0;800;Off;2
00:04:07;00:02:36;61;31;0.0;0;800;Off;2
00:04:08;00:02:37;60;31;0.0;0;800;Off;2
00:04:09;00:02:38;61;31;0.0;0;800;Off;2
00:04:10;00:02:39;61;31;0.0;0;800;Off;2
00:04:11;00:02:40;61;31;0.0;0;800;Off;2
00:04:12;00:02:41;60;31;0.0;0;800;Off;2
00:04:13;00:02:42;60;31;0.0;0;800;Off;2
00:04:14;00:02:43;60;31;0.0;0;800;Off;2
00:04:15;00:02:44;60;31;0.0;0;800;Off;2
00:04:16;00:02:45;60;31;0.0;0;800;Off;2
00:04:17;00:02:46;60;31;0.0;0;800;Off;2
00:04:18;00:02:47;60;31;0.0;0;800;Off;2
00:04:19;00:02:48;59;31;0.0;0;800;Off;2
00:04:20;00:02:49;60;31;0.0;0;800;Off;2
00:04:21;00:02:50;60;31;0.0;0;800;Off;2
00:04:22;00:02:51;60;31;0.0;1;800;Off;2
00:04:23;00:02:52;60;31;0.0;1;800;Off;2
00:04:24;00:02:53;60;31;0.0;1;800;Off;2
00:04:25;00:02:54;60;31;0.0;1;800;Off;2
00:04:26;00:02:55;59;31;0.0;1;800;Off;2
00:04:27;00:02:56;60;31;0.0;2;800;Off;2
00:04:28;00:02:57;60;31;0.0;2;800;Off;2
00:04:29;00:02:58;60;31;0.0;2;800;Off;2
00:04:30;00:02:59;59;31;0.0;3;800;Off;2
00:04:31;00:03:00;59;31;0.0;3;800;Off;2
00:04:32;00:03:01;60;31;0.0;3;800;Off;2
00:04:33;00:03:02;59;31;0.0;4;800;Off;2
00:04:34;00:03:03;59;31;0.0;4;800;Off;2
00:04:35;00:03:04;59;31;0.0;4;800;Off;2
00:04:36;00:03:05;59;31;0.0;5;800;Off;2
00:04:37;00:03:06;59;31;0.0;7;800;Off;2
00:04:38;00:03:07;59;31;0.0;4;800;Off;2
00:04:39;00:03:08;59;31;0.0;9;800;Off;2
00:04:40;00:03:09;59;31;0.0;7;800;Off;2
00:04:41;00:03:10;59;31;0.0;8;800;Off;2
00:04:42;00:03:11;59;31;0.0;9;800;Off;2
00:04:43;00:03:12;59;31;0.0;7;800;Off;2
00:04:44;00:03:13;59;31;0.0;6;800;Off;2
00:04:45;00:03:14;59;31;0.0;8;800;Off;2
00:04:46;00:03:15;59;31;0.0;8;800;Off;2
00:04:47;00:03:16;59;31;0.0;6;800;Off;2
00:04:48;00:03:17;59;31;0.0;8;800;Off;2
00:04:49;00:03:18;60;31;0.0;5;800;Off;2
00:04:50;00:03:19;60;31;0.0;4;800;Off;2
00:04:51;00:03:20;60;31;0.0;4;800;Off;2
00:04:52;00:03:21;60;31;0.0;3;800;Off;2
00:04:53;00:03:22;60;31;0.0;4;800;Off;2
00:04:54;00:03:23;61;31;0.0;3;800;Off;2
00:04:55;00:03:24;60;31;0.0;3;800;Off;2
00:04:56;00:03:25;60;31;0.0;2;800;Off;2
00:04:57;00:03:26;61;31;0.0;2;800;Off;2
00:04:58;00:03:27;61;31;0.0;2;800;Off;2
00:04:59;00:03:28;61;31;0.0;1;800;Off;2
00:05:00;00:03:29;60;31;0.0;1;800;Off;2
00:05:01;00:03:30;61;31;0.0;0;800;Off;2
00:05:02;00:03:31;61;31;0.0;0;800;Off;2
00:05:03;00:03:32;61;31;0.0;0;800;Off;2
00:05:04;00:03:33;61;31;0.0;0;800;Off;2
00:05:05;00:03:34;61;31;0.0;0;800;Off;2
00:05:06;00:03:35;61;31;0.0;0;800;Off;2
00:05:07;00:03:36;61;31;0.0;0;800;Off;2
00:05:08;00:03:37;61;31;0.0;0;800;Off;2
00:05:09;00:03:38;61;31;0.0;0;800;Off;2
00:05:10;00:03:39;61;31;0.0;0;800;Off;2
00:05:11;00:03:40;61;31;0.0;0;800;Off;2
00:05:12;00:03:41;61;31;0.0;0;800;Off;2
00:05:13;00:03:42;60;31;0.0;0;800;Off;2
00:05:14;00:03:43;61;31;0.0;0;800;Off;2
00:05:15;00:03:44;60;31;0.0;0;800;Off;2
00:05:16;00:03:45;60;31;0.0;0;800;Off;2
00:05:17;00:03:46;60;31;0.0;0;800;Off;2
00:05:18;00:03:47;60;31;0.0;0;800;Off;2
00:05:19;00:03:48;60;31;0.0;0;800;Off;2
00:05:20;00:03:49;60;31;0.0;0;800;Off;2
00:05:21;00:03:50;61;31;0.0;0;800;Off;2
00:05:22;00:03:51;60;31;0.0;0;800;Off;2
00:05:23;00:03:52;60;31;0.0;0;800;Off;2
00:05:24;00:03:53;60;31;0.0;0;800;Off;2
00:05:25;00:03:54;60;31;0.0;0;800;Off;2
00:05:26;00:03:55;60;31;0.0;0;800;Off;2
00:05:27;00:03:56;60;31;0.0;0;800;Off;2
00:05:28;00:03:57;60;31;0.0;0;800;Off;2
00:05:29;00:03:58;60;31;0.0;0;800;Off;2
00:05:30;00:03:59;59;31;0.0;1;800;Off;2
00:05:31;00:04:00;60;31;0.0;1;800;Off;2
00:05:32;00:04:01;60;31;0.0;1;800;Off;2
00:05:33;00:04:02;60;31;0.0;2;800;Off;2
00:05:34;00:04:03;59;31;0.0;1;800;Off;2
00:05:35;00:04:04;60;31;0.0;2;800;Off;2
00:05:36;00:04:05;59;31;0.0;3;800;Off;2
00:05:37;00:04:06;59;31;0.0;3;800;Off;2
00:05:38;00:04:07;59;31;0.0;3;800;Off;2
00:05:39;00:04:08;59;31;0.0;3;800;Off;2
00:05:40;00:04:09;59;31;0.0;4;800;Off;2
00:05:41;00:04:10;59;31;0.0;4;800;Off;2
00:05:42;00:04:11;59;31;0.0;4;800;Off;2
00:05:43;00:04:12;59;31;0.0;6;800;Off;2
00:05:44;00:04:13;59;31;0.0;6;800;Off;2
00:05:45;00:04:14;59;31;0.0;7;800;Off;2
00:05:46;00:04:15;58;31;0.0;9;800;Off;2
00:05:47;00:04:16;59;31;0.0;9;800;Off;2
00:05:48;00:04:17;59;31;0.0;8;800;Off;2
00:05:49;00:04:18;59;31;0.0;8;800;Off;2
00:05:50;00:04:19;59;31;0.0;8;800;Off;2
00:05:51;00:04:20;60;31;0.0;7;800;Off;2
00:05:52;00:04:21;60;31;0.0;6;800;Off;2
00:05:53;00:04:22;60;31;0.0;5;800;Off;2
00:05:54;00:04:23;60;31;0.0;4;800;Off;2
00:05:55;00:04:24;60;31;0.0;6;800;Off;2
00:05:56;00:04:25;60;31;0.0;4;800;Off;2
00:05:57;00:04:26;60;31;0.0;3;800;Off;2
00:05:58;00:04:27;61;31;0.0;2;800;Off;2
00:05:59;00:04:28;60;31;0.0;2;800;Off;2
00:06:00;00:04:29;60;31;0.0;2;800;Off;2
00:06:01;00:04:30;61;31;0.0;2;800;Off;2
00:06:02;00:04:31;61;31;0.0;1;800;Off;2
00:06:03;00:04:32;61;31;0.0;1;800;Off;2
00:06:04;00:04:33;61;31;0.0;0;800;Off;2
00:06:05;00:04:34;61;31;0.0;0;800;Off;2
00:06:06;00:04:35;61;31;0.0;0;800;Off;2
00:06:07;00:04:36;61;31;0.0;0;800;Off;2
00:06:08;00:04:37;61;31;0.0;0;800;Off;2
00:06:09;00:04:38;61;31;0.0;0;800;Off;2
00:06:10;00:04:39;60;31;0.0;0;800;Off;2
00:06:11;00:04:40;60;31;0.0;0;800;Off;2
00:06:12;00:04:41;61;31;0.0;0;800;Off;2
00:06:13;00:04:42;61;31;0.0;0;800;Off;2
00:06:14;00:04:43;60;31;0.0;0;800;Off;2
00:06:15;00:04:44;60;31;0.0;0;800;Off;2
00:06:16;00:04:45;60;31;0.0;0;800;Off;2
00:06:17;00:04:46;61;31;0.0;0;800;Off;2
00:06:18;00:04:47;61;31;0.0;0;800;Off;2
00:06:19;00:04:48;61;31;0.0;0;800;Off;2
00:06:20;00:04:49;61;31;0.0;0;800;Off;2
00:06:21;00:04:50;60;31;0.0;0;800;Off;2
00:06:22;00:04:51;60;31;0.0;0;800;Off;2
00:06:23;00:04:52;61;31;0.0;0;800;Off;2
00:06:24;00:04:53;60;31;0.0;0;800;Off;2
00:06:25;00:04:54;60;31;0.0;0;800;Off;2
00:06:26;00:04:55;60;31;0.0;0;800;Off;2
00:06:27;00:04:56;60;31;0.0;0;800;Off;2
00:06:28;00:04:57;60;31;0.0;0;800;Off;2
00:06:29;00:04:58;60;31;0.0;0;800;Off;2
00:06:30;00:04:59;60;31;0.0;0;800;Off;2
00:06:31;00:05:00;60;31;0.0;0;800;Off;2
00:06:32;00:05:01;59;31;0.0;0;800;Off;2
00:06:33;00:05:02;60;31;0.0;0;800;Off;2
00:06:34;00:05:03;60;31;0.0;1;800;Off;2
00:06:35;00:05:04;60;31;0.0;1;800;Off;2
00:06:36;00:05:05;60;31;0.0;0;800;Off;2
00:06:37;00:05:06;60;31;0.0;1;800;Off;2
00:06:38;00:05:07;60;31;0.0;1;800;Off;2
00:06:39;00:05:08;59;31;0.0;1;800;Off;2
00:06:40;00:05:09;59;31;0.0;2;800;Off;2
00:06:41;00:05:10;60;31;0.0;2;800;Off;2
00:06:42;00:05:11;60;31;0.0;2;800;Off;2
00:06:43;00:05:12;59;31;0.0;3;800;Off;2
00:06:44;00:05:13;59;31;0.0;4;800;Off;2
00:06:45;00:05:14;59;31;0.0;3;800;Off;2
00:06:46;00:05:15;59;31;0.0;5;800;Off;2
00:06:47;00:05:16;59;31;0.0;6;800;Off;2
00:06:48;00:05:17;59;31;0.0;5;800;Off;2
00:06:49;00:05:18;58;31;0.0;5;800;Off;2
00:06:50;00:05:19;59;31;0.0;8;800;Off;2
00:06:51;00:05:20;59;31;0.0;7;800;Off;2
00:06:52;00:05:21;59;31;0.0;7;800;Off;2
00:06:53;00:05:22;59;31;0.0;6;800;Off;2
00:06:54;00:05:23;58;31;0.0;9;800;Off;2
00:06:55;00:05:24;59;31;0.0;6;800;Off;2
00:06:56;00:05:25;59;31;0.0;7;800;Off;2
00:06:57;00:05:26;59;31;0.0;7;800;Off;2
00:06:58;00:05:27;59;31;0.0;8;800;Off;2
00:06:59;00:05:28;59;31;0.0;5;800;Off;2
00:07:00;00:05:29;60;31;0.0;4;800;Off;2
00:07:01;00:05:30;60;31;0.0;4;800;Off;2
00:07:02;00:05:31;60;31;0.0;4;800;Off;2
00:07:03;00:05:32;60;31;0.0;3;800;Off;2
00:07:04;00:05:33;60;31;0.0;3;800;Off;2
00:07:05;00:05:34;59;31;0.0;3;800;Off;2
00:07:06;00:05:35;60;31;0.0;3;800;Off;2
00:07:07;00:05:36;61;31;0.0;2;800;Off;2
00:07:08;00:05:37;61;31;0.0;1;800;Off;2
00:07:09;00:05:38;61;31;0.0;1;800;Off;2
00:07:10;00:05:39;61;31;0.0;0;800;Off;2
00:07:11;00:05:40;61;31;0.0;0;800;Off;2
00:07:12;00:05:41;61;31;0.0;0;800;Off;2
00:07:13;00:05:42;61;31;0.0;0;800;Off;2
00:07:14;00:05:43;60;31;0.0;0;800;Off;2
00:07:15;00:05:44;61;31;0.0;0;800;Off;2
00:07:16;00:05:45;61;31;0.0;0;800;Off;2
00:07:17;00:05:46;61;31;0.0;0;800;Off;2
00:07:18;00:05:47;61;31;0.0;0;800;Off;2
00:07:19;00:05:48;60;31;0.0;0;800;Off;2
00:07:20;00:05:49;61;31;0.0;0;800;Off;2
00:07:21;00:05:50;61;31;0.0;0;800;Off;2
00:07:22;00:05:51;60;31;0.0;0;800;Off;2
00:07:23;00:05:52;60;31;0.0;0;800;Off;2
00:07:24;00:05:53;60;31;0.0;0;800;Off;2
00:07:25;00:05:54;60;31;0.0;0;800;Off;2
00:07:26;00:05:55;61;31;0.0;0;800;Off;2
00:07:27;00:05:56;60;31;0.0;0;800;Off;2
00:07:28;00:05:57;60;31;0.0;0;800;Off;2
00:07:29;00:05:58;60;31;0.0;0;800;Off;2
00:07:30;00:05:59;60;31;0.0;0;800;Off;2
00:07:31;00:06:00;60;31;0.0;0;800;Off;2
00:07:32;00:06:01;60;31;0.0;0;800;Off;2
00:07:33;00:06:02;60;31;0.0;0;800;Off;2
00:07:34;00:06:03;59;31;0.0;0;800;Off;2
00:07:36;00:06:05;60;31;0.0;0;800;Off;2
00:07:38;00:06:07;60;31;0.0;0;800;Off;2
00:07:39;00:06:08;60;31;0.0;0;800;Off;2
00:07:40;00:06:09;60;31;0.0;1;800;Off;2
00:07:41;00:06:10;61;31;0.0;0;800;Off;2
00:07:42;00:06:11;60;31;0.0;0;800;Off;2
00:07:43;00:06:12;60;31;0.0;1;800;Off;2
00:07:44;00:06:13;59;31;0.0;1;800;Off;2
00:07:45;00:06:14;59;31;0.0;1;800;Off;2
00:07:46;00:06:15;59;31;0.0;1;800;Off;2
00:07:47;00:06:16;59;31;0.0;2;800;Off;2
00:07:48;00:06:17;59;31;0.0;2;800;Off;2
00:07:49;00:06:18;60;31;0.0;2;800;Off;2
00:07:50;00:06:19;59;31;0.0;3;800;Off;2
00:07:51;00:06:20;59;31;0.0;3;800;Off;2
00:07:52;00:06:21;59;31;0.0;4;800;Off;2
00:07:53;00:06:22;59;31;0.0;4;800;Off;2
00:07:54;00:06:23;59;31;0.0;5;800;Off;2
00:07:55;00:06:24;59;31;0.0;4;800;Off;2
00:07:56;00:06:25;59;31;0.0;6;800;Off;2
00:07:57;00:06:26;59;31;0.0;6;800;Off;2
00:07:58;00:06:27;58;31;0.0;6;800;Off;2
00:07:59;00:06:28;59;31;0.0;8;800;Off;2
00:08:00;00:06:29;59;31;0.0;7;800;Off;2
00:08:01;00:00:00;59;31;0.0;0;800;On;3
00:08:02;00:00:01;58;31;0.0;0;800;On;3
00:08:03;00:00:02;57;31;0.0;0;800;On;3
00:08:04;00:00:03;57;31;0.0;0;800;On;3
00:08:05;00:00:04;57;31;0.0;0;800;On;3
00:08:06;00:00:05;57;31;0.0;0;800;On;3
