t,cB_pred,cTG_pred,cDG_pred,cMG_pred,cG_pred
0,-1.4721416e-05,0.57002157,0.06355302,-3.85195e-05,-1.26529485e-05
1,0.03358547,0.54112726,0.08784141,0.004491687,0.00011509471
2,0.06741645,0.5137192,0.109277636,0.009908393,0.00064292364
3,0.101366155,0.48780444,0.1280199,0.016050205,0.001597492
4,0.13534522,0.46335196,0.14426494,0.02275066,0.0030034166
5,0.16927926,0.44030935,0.15822415,0.029847592,0.0048816334
6,0.2031041,0.41861343,0.17010826,0.03718944,0.007248221
7,0.23676197,0.39819697,0.18011898,0.04463911,0.010113446
8,0.27019972,0.37899274,0.18844444,0.052075252,0.0134816
9,0.3033675,0.36093557,0.19525808,0.059393108,0.017350985
10,0.33621857,0.34396273,0.2007187,0.06650378,0.021713926
11,0.3687089,0.32801458,0.20497102,0.07333374,0.02655722
12,0.4007975,0.31303418,0.20814699,0.07982367,0.03186272
13,0.43244636,0.29896718,0.21036708,0.08592746,0.037607595
14,0.4636209,0.2857615,0.211741,0.09161075,0.04376559
15,0.49428982,0.2733672,0.21236888,0.09685008,0.050307
16,0.52442515,0.2617362,0.21234202,0.10163128,0.05719985
17,0.5540027,0.2508226,0.2117435,0.10594852,0.06441049
18,0.58300143,0.24058217,0.21064878,0.10980317,0.071904175
19,0.6114043,0.23097254,0.20912623,0.11320257,0.079645686
20,0.63919735,0.22195336,0.20723751,0.11615914,0.08760018
21,0.66637,0.21348609,0.20503819,0.11868923,0.09573334
22,0.6929152,0.20553397,0.20257807,0.12081234,0.10401209
23,0.71882844,0.19806236,0.19990149,0.12255035,0.11240466
24,0.7441085,0.19103818,0.19704786,0.12392679,0.120881185
25,0.7687565,0.18443055,0.19405186,0.12496597,0.1294138
26,0.79277587,0.17821024,0.1909442,0.12569277,0.13797657
27,0.81617236,0.17234977,0.18775147,0.12613204,0.14654595
28,0.8389532,0.16682354,0.18449697,0.12630817,0.15510027
29,0.86112714,0.16160752,0.18120077,0.12624502,0.16362026
30,0.88270485,0.15667945,0.17788017,0.12596524,0.17208871
31,0.90369713,0.1520185,0.17455003,0.1254907,0.18049012
32,0.92411625,0.1476053,0.17122284,0.1248418,0.18881118
33,0.943975,0.14342198,0.1679092,0.12403793,0.19704013
34,0.9632859,0.13945197,0.16461807,0.12309694,0.20516673
35,0.982063,0.1356799,0.16135694,0.12203556,0.2131824
36,1.0003192,0.13209167,0.15813194,0.120869115,0.22107975
37,1.0180683,0.12867416,0.1549481,0.11961183,0.22885258
38,1.0353236,0.1254154,0.15180963,0.11827659,0.23649572
39,1.0520985,0.12230431,0.14871979,0.11687532,0.24400504
40,1.068406,0.11933058,0.14568116,0.11541873,0.2513772
41,1.084259,0.116484985,0.14269583,0.1139166,0.2586096
42,1.09967,0.11375882,0.13976532,0.11237789,0.26570025
43,1.1146514,0.111144155,0.13689083,0.110810585,0.27264786
44,1.1292149,0.10863373,0.13407311,0.10922189,0.2794515
45,1.1433723,0.10622093,0.13131268,0.10761845,0.28611073
46,1.1571349,0.10389952,0.12860975,0.10600592,0.29262567
47,1.1705135,0.101663895,0.12596446,0.10438978,0.2989965
48,1.1835194,0.0995089,0.12337665,0.10277464,0.30522394
49,1.1961625,0.09742981,0.12084623,0.10116472,0.31130886
50,1.2084529,0.09542218,0.11837271,0.09956381,0.31725234
51,1.2204009,0.09348205,0.11595571,0.0979752,0.32305568
52,1.2320158,0.091605686,0.113594666,0.096401855,0.32872057
53,1.2433072,0.08978967,0.111289054,0.094846375,0.33424848
54,1.254284,0.08803104,0.10903816,0.09331106,0.33964124
55,1.2649554,0.08632671,0.106841415,0.09179788,0.34490088
56,1.2753298,0.08467409,0.10469803,0.09030859,0.35002935
57,1.2854158,0.08307078,0.10260728,0.088844694,0.3550288
58,1.2952213,0.08151449,0.100568414,0.087407455,0.35990137
59,1.3047551,0.080003045,0.09858066,0.08599787,0.36464942
60,1.3140246,0.078534566,0.096643195,0.084616974,0.36927518
61,1.3230376,0.07710724,0.09475514,0.08326538,0.37378109
62,1.3318013,0.07571944,0.092915684,0.081943735,0.37816942
63,1.3403236,0.07436959,0.09112401,0.08065237,0.38244286
64,1.3486111,0.07305617,0.08937922,0.07939173,0.38660353
65,1.356671,0.07177785,0.08768053,0.078161925,0.39065415
66,1.3645102,0.07053341,0.08602695,0.0769631,0.39459717
67,1.372135,0.06932163,0.084417686,0.07579526,0.39843488
68,1.3795521,0.06814139,0.08285189,0.074658304,0.40216997
69,1.3867677,0.066991724,0.08132848,0.07355203,0.40580487
70,1.393788,0.06587155,0.07984677,0.0724763,0.409342
71,1.4006189,0.06477994,0.07840584,0.07143082,0.41278368
72,1.4072661,0.063715994,0.077004805,0.0704152,0.41613257
73,1.4137353,0.062678955,0.075642765,0.0694291,0.4193909
74,1.4200319,0.061667927,0.07431877,0.06847212,0.42256105
75,1.4261614,0.060682274,0.07303202,0.067543685,0.42564538
76,1.4321288,0.0597212,0.07178165,0.06664345,0.42864627
77,1.4379389,0.058784,0.07056677,0.065770745,0.43156582
78,1.4435971,0.05787006,0.06938647,0.06492515,0.4344064
79,1.4491075,0.056978703,0.06823993,0.06410602,0.43717015
80,1.454475,0.05610934,0.06712636,0.06331284,0.43985915
81,1.4597042,0.055261433,0.06604484,0.06254497,0.44247574
82,1.4647992,0.054434203,0.06499463,0.06180182,0.44502175
83,1.4697636,0.053627506,0.06397477,0.06108278,0.44749922
84,1.4746023,0.052840404,0.062984616,0.06038727,0.44991022
85,1.4793187,0.052072562,0.062023267,0.059714615,0.45225662
86,1.4839169,0.051323615,0.061089933,0.05906418,0.45454046
87,1.4884001,0.050592825,0.060183913,0.05843553,0.4567633
88,1.4927719,0.049879916,0.059304386,0.057827815,0.45892715
89,1.4970359,0.049184464,0.05845058,0.057240546,0.46103364
90,1.5011953,0.048505887,0.057621866,0.05667308,0.46308464
91,1.5052532,0.04784389,0.056817427,0.056124926,0.46508163
92,1.5092126,0.04719793,0.056036606,0.05559534,0.46702623
93,1.5130767,0.046567656,0.055278674,0.055083916,0.46892008
94,1.5168483,0.045952722,0.054543093,0.054589987,0.4707647
95,1.5205301,0.045352705,0.05382897,0.054112956,0.47256148
96,1.5241247,0.044767246,0.053135857,0.053652346,0.474312
97,1.527635,0.044195972,0.052463084,0.053207546,0.4760176
98,1.531063,0.043638587,0.05180992,0.052778125,0.4776796
99,1.5344113,0.043094613,0.051175877,0.05236353,0.4792993
100,1.5376822,0.042563938,0.05056034,0.05196324,0.480878
101,1.5408783,0.042045943,0.049962774,0.051576853,0.48241687
102,1.5440013,0.04154057,0.049382567,0.051203787,0.48391724
103,1.5470535,0.041047335,0.048819184,0.050843626,0.48538017
104,1.5500368,0.040566027,0.048272103,0.050495893,0.4868068
105,1.5529534,0.04009626,0.04774089,0.05016023,0.48819822
106,1.5558051,0.03963784,0.047225013,0.04983613,0.48955548
107,1.5585935,0.03919044,0.046723902,0.049523205,0.49087965
108,1.5613205,0.038753778,0.046237186,0.04922104,0.49217165
109,1.5639881,0.038327627,0.04576437,0.048929334,0.4934324
110,1.5665975,0.037911646,0.04530503,0.048647642,0.494663
111,1.5691504,0.03750565,0.04485877,0.048375532,0.4958641
112,1.5716482,0.037109375,0.044425085,0.048112765,0.4970367
113,1.574093,0.03672254,0.044003665,0.047859,0.49818164
114,1.5764855,0.0363449,0.043594033,0.04761386,0.4992997
115,1.5788277,0.035976328,0.04319592,0.04737705,0.5003917
116,1.5811204,0.03561645,0.042808905,0.047148228,0.5014583
117,1.5833652,0.035265163,0.04243262,0.046927124,0.5025004
118,1.5855634,0.034922227,0.042066738,0.04671347,0.5035185
119,1.5877162,0.034587406,0.041710943,0.04650697,0.5045135
120,1.5898246,0.03426046,0.041364864,0.046307385,0.5054859
121,1.5918899,0.033941254,0.041028306,0.0461144,0.5064364
122,1.5939131,0.03362959,0.040700853,0.045927793,0.50736564
123,1.5958954,0.033325225,0.04038228,0.04574743,0.5082742
124,1.5978378,0.033027977,0.040072292,0.045572937,0.5091626
125,1.5997412,0.03273774,0.03977059,0.045404136,0.51003146
126,1.6016067,0.032454267,0.039476976,0.045240805,0.51088136
127,1.6034354,0.03217747,0.039191112,0.045082808,0.5117128
128,1.6052277,0.03190711,0.038912788,0.044929862,0.5125263
129,1.606985,0.031643018,0.038641877,0.044781804,0.51332223
130,1.6087079,0.031385064,0.038377993,0.044638485,0.51410115
131,1.6103972,0.03113313,0.038121007,0.044499695,0.5148636
132,1.6120539,0.03088694,0.037870638,0.044365287,0.51560986
133,1.6136788,0.030646488,0.03762673,0.04423508,0.5163406
134,1.6152723,0.030411638,0.037389047,0.044108868,0.517056
135,1.6168356,0.030182041,0.037157506,0.043986663,0.5177565
136,1.6183692,0.029957779,0.03693182,0.043868154,0.51844263
137,1.6198739,0.029738672,0.036711857,0.04375328,0.5191147
138,1.6213502,0.029524565,0.03649739,0.04364188,0.51977295
139,1.6227987,0.029315382,0.036288306,0.04353383,0.5204179
140,1.6242203,0.029110856,0.036084443,0.043429017,0.52104986
141,1.6256156,0.02891104,0.035885572,0.043327272,0.52166915
142,1.626985,0.028715715,0.03569168,0.043228626,0.522276
143,1.6283293,0.028524801,0.035502486,0.043132797,0.52287084
144,1.6296488,0.028338216,0.035317898,0.04303977,0.52345395
145,1.6309444,0.028155804,0.035137832,0.042949438,0.52402556
146,1.6322165,0.027977519,0.034962073,0.04286167,0.5245861
147,1.6334655,0.027803257,0.034790523,0.042776376,0.52513564
148,1.6346921,0.02763281,0.034623124,0.042693496,0.5256747
149,1.6358966,0.027466178,0.034459725,0.042613,0.5262032
150,1.6370796,0.027303308,0.034300096,0.04253465,0.5267217
151,1.6382415,0.027143918,0.034144327,0.042458564,0.52723026
152,1.639383,0.026988171,0.03399217,0.042384475,0.5277293
153,1.6405042,0.026835859,0.033843577,0.042312413,0.5282188
154,1.6416057,0.026686735,0.033698432,0.04224229,0.52869916
155,1.6426882,0.026541092,0.033556662,0.04217398,0.52917063
156,1.6437515,0.026398517,0.033418067,0.042107597,0.5296332
157,1.6447964,0.02625905,0.033282727,0.04204282,0.53008735
158,1.6458232,0.026122727,0.03315042,0.04197979,0.5305331
159,1.6468323,0.025989257,0.03302116,0.041918367,0.53097063
160,1.6478242,0.025858782,0.032894798,0.041858494,0.53140026
161,1.6487991,0.025731027,0.032771245,0.041800186,0.531822
162,1.6497573,0.025606133,0.0326505,0.041743264,0.5322362
163,1.6506993,0.025483832,0.032532424,0.041687846,0.5326429
164,1.6516253,0.025364183,0.03241697,0.041633755,0.5330424
165,1.6525356,0.02524712,0.03230408,0.041580975,0.5334346
166,1.6534307,0.025132518,0.03219361,0.041529506,0.5338199
167,1.6543108,0.02502035,0.03208562,0.04147926,0.53419846
168,1.6551764,0.024910536,0.03198003,0.041430235,0.5345703
169,1.6560274,0.024803124,0.03187663,0.041382313,0.5349356
170,1.6568645,0.024697907,0.03177551,0.041335523,0.5352946
171,1.6576875,0.024594996,0.031676546,0.04128982,0.5356473
172,1.6584972,0.024494186,0.031579718,0.041245222,0.5359938
173,1.6592937,0.024395451,0.03148496,0.04120159,0.5363344
174,1.660077,0.024298847,0.031392217,0.041158944,0.5366692
175,1.6608477,0.024204236,0.031301424,0.041117266,0.5369982
176,1.6616058,0.02411155,0.031212553,0.041076496,0.53732157
177,1.6623517,0.024020854,0.031125546,0.041036636,0.5376395
178,1.6630857,0.023931954,0.031040378,0.04099767,0.53795195
179,1.6638077,0.02384488,0.030956991,0.040959507,0.53825915
180,1.6645181,0.023759596,0.030875355,0.040922195,0.5385612
181,1.6652174,0.023676146,0.030795336,0.04088573,0.53885823
182,1.6659055,0.023594312,0.030717023,0.040849954,0.53915024
183,1.6665826,0.023514144,0.030640274,0.04081498,0.5394374
184,1.6672491,0.023435563,0.030565172,0.040780693,0.53971976
185,1.667905,0.02335864,0.030491523,0.040747106,0.5399975
186,1.6685506,0.02328328,0.030419417,0.040714234,0.5402707
187,1.6691861,0.023209367,0.030348785,0.040682048,0.54053926
188,1.6698118,0.023136977,0.030279502,0.040650487,0.54080355
189,1.6704277,0.023065954,0.030211732,0.040619582,0.5410634
190,1.671034,0.022996482,0.030145235,0.040589303,0.54131913
191,1.671631,0.022928245,0.030080125,0.040559545,0.5415707
192,1.6722188,0.022861414,0.030016288,0.040530473,0.5418182
193,1.6727974,0.02279592,0.029953666,0.040501907,0.5420616
194,1.6733674,0.022731688,0.029892363,0.04047388,0.5423012
195,1.6739285,0.022668708,0.029832207,0.0404464,0.5425369
196,1.6744812,0.02260704,0.029773243,0.04041949,0.54276884
197,1.6750253,0.022546489,0.029715516,0.04039301,0.54299706
198,1.6755613,0.022487093,0.029658817,0.040367097,0.54322165
199,1.6760892,0.022428825,0.029603317,0.040341675,0.5434427
200,1.676609,0.022371743,0.029548809,0.04031667,0.5436603
201,1.6771212,0.0223157,0.029495373,0.040292203,0.54387426
202,1.6776255,0.022260778,0.029443003,0.040268123,0.54408497
203,1.6781225,0.022206899,0.029391661,0.04024452,0.54429245
204,1.678612,0.022153988,0.02934125,0.040221334,0.54449654
205,1.6790942,0.022102125,0.029291801,0.040198505,0.5446975
206,1.6795692,0.022051234,0.02924332,0.040176168,0.54489535
207,1.6800373,0.02200127,0.02919577,0.04015425,0.54509
208,1.6804985,0.021952216,0.02914913,0.04013267,0.5452817
209,1.6809527,0.02190414,0.029103346,0.040111467,0.5454704
210,1.6814004,0.0218569,0.029058471,0.04009068,0.54565626
211,1.6818417,0.021810517,0.029014409,0.040070266,0.54583913
212,1.6822764,0.021765038,0.028971173,0.04005018,0.54601926
213,1.6827048,0.021720365,0.02892875,0.04003045,0.54619664
214,1.6831269,0.02167653,0.028887086,0.040011033,0.5463712
215,1.6835431,0.021633461,0.028846256,0.03999196,0.5465431
216,1.6839532,0.021591175,0.028806165,0.03997326,0.5467125
217,1.6843573,0.021549627,0.028766818,0.03995487,0.5468792
218,1.6847554,0.021508858,0.028728172,0.03993675,0.5470434
219,1.6851481,0.021468822,0.028690241,0.03991899,0.54720503
220,1.6855352,0.021429457,0.02865304,0.03990151,0.54736423
221,1.6859167,0.021390792,0.028616495,0.039884314,0.54752105
222,1.6862926,0.021352846,0.02858062,0.03986743,0.5476755
223,1.6866634,0.021315567,0.02854544,0.03985086,0.5478276
224,1.6870288,0.02127891,0.028510839,0.03983453,0.5479774
225,1.687389,0.021242894,0.028476879,0.039818466,0.5481249
226,1.6877444,0.021207444,0.028443567,0.039802685,0.5482702
227,1.6880946,0.021172691,0.028410807,0.03978716,0.54841334
228,1.6884398,0.02113853,0.028378643,0.039771885,0.5485543
229,1.6887803,0.02110491,0.028347082,0.039756864,0.5486932
230,1.689116,0.021071859,0.028316043,0.039742142,0.54883003
231,1.6894469,0.021039348,0.028285608,0.039727673,0.54896474
232,1.6897732,0.021007445,0.028255686,0.039713368,0.5490974
233,1.6900952,0.02097604,0.028226301,0.0396993,0.5492282
234,1.6904125,0.020945154,0.028197445,0.039685532,0.549357
235,1.6907256,0.020914815,0.028169058,0.039671928,0.5494839
236,1.6910342,0.020884909,0.028141186,0.039658576,0.5496089
237,1.6913387,0.020855535,0.028113812,0.039645433,0.549732
238,1.691639,0.020826668,0.028086923,0.03963253,0.5498533
239,1.691935,0.020798225,0.028060518,0.039619833,0.54997283
240,1.6922272,0.020770226,0.02803453,0.039607316,0.55009055
241,1.6925151,0.020742722,0.02800905,0.039595053,0.5502066
242,1.6927992,0.02071562,0.027983949,0.039582938,0.55032086
243,1.6930796,0.02068894,0.02795931,0.039571047,0.5504334
244,1.6933559,0.020662714,0.027935058,0.039559364,0.5505444
245,1.6936287,0.020636853,0.02791129,0.03954786,0.5506536
246,1.6938976,0.020611431,0.027887903,0.039536536,0.5507613
247,1.694163,0.020586416,0.027864888,0.03952539,0.55086744
248,1.6944247,0.020561725,0.027842253,0.039514422,0.5509719
249,1.694683,0.020537447,0.027820043,0.039503664,0.5510749
250,1.6949377,0.020513568,0.027798183,0.03949307,0.5511763
251,1.695189,0.020490017,0.027776673,0.039482668,0.5512763
252,1.695437,0.020466864,0.027755566,0.0394724,0.55137485
253,1.6956816,0.020444024,0.027734816,0.0394623,0.5514719
254,1.6959231,0.020421516,0.02771438,0.039452374,0.55156755
255,1.6961612,0.02039935,0.02769427,0.03944263,0.55166173
256,1.696396,0.020377498,0.027674519,0.039433032,0.5517546
257,1.696628,0.02035603,0.027655065,0.039423615,0.551846
258,1.6968566,0.020334773,0.027635992,0.039414287,0.5519362
259,1.6970824,0.02031387,0.027617179,0.039405137,0.552025
260,1.6973052,0.020293228,0.027598664,0.03939618,0.5521125
261,1.6975249,0.020272978,0.0275805,0.039387345,0.55219877
262,1.6977419,0.02025295,0.027562603,0.039378673,0.55228364
263,1.6979558,0.02023318,0.027545035,0.039370105,0.5523674
264,1.698167,0.020213738,0.027527668,0.0393617,0.5524498
265,1.6983753,0.02019456,0.027510636,0.039353445,0.5525311
266,1.698581,0.02017565,0.027493857,0.039345294,0.55261123
267,1.698784,0.020156916,0.027477361,0.039337292,0.5526901
268,1.6989844,0.020138517,0.027461112,0.039329425,0.5527678
269,1.6991819,0.020120397,0.027445138,0.03932169,0.5528444
270,1.6993772,0.020102397,0.027429424,0.03931409,0.55291986
271,1.6995695,0.020084754,0.027413905,0.039306596,0.5529942
272,1.6997596,0.020067286,0.027398698,0.039299265,0.55306745
273,1.6999471,0.020050097,0.02738364,0.039292008,0.55313957
274,1.7001323,0.020033117,0.027368851,0.039284915,0.55321074
275,1.7003149,0.02001632,0.027354345,0.039277926,0.5532808
276,1.7004952,0.019999791,0.02734004,0.03927104,0.5533498
277,1.7006731,0.019983448,0.027325906,0.03926429,0.5534178
278,1.7008487,0.019967336,0.027312048,0.0392576,0.5534848
279,1.701022,0.019951377,0.027298369,0.03925112,0.5535508
280,1.7011932,0.019935649,0.02728489,0.03924465,0.5536158
281,1.701362,0.019920155,0.027271591,0.039238334,0.5536799
282,1.7015288,0.019904748,0.02725856,0.039232135,0.553743
283,1.7016934,0.019889615,0.027245678,0.039225996,0.5538052
284,1.7018558,0.019874636,0.02723302,0.039219975,0.55386645
285,1.7020161,0.019859843,0.027220502,0.039214134,0.55392677
286,1.7021744,0.019845262,0.027208157,0.039208293,0.55398625
287,1.7023306,0.019830871,0.027196065,0.039202556,0.5540448
288,1.7024847,0.0198166,0.027184099,0.039196983,0.5541025
289,1.702637,0.019802522,0.027172312,0.03919147,0.5541593
290,1.7027873,0.01978856,0.027160719,0.03918603,0.55421525
291,1.7029356,0.019774798,0.027149253,0.039180726,0.5542703
292,1.703082,0.019761208,0.027138002,0.039175436,0.5543247
293,1.7032264,0.01974773,0.027126893,0.039170355,0.55437815
294,1.7033691,0.019734498,0.027115896,0.039165273,0.55443084
295,1.70351,0.019721344,0.027105078,0.03916031,0.5544827
296,1.7036489,0.019708354,0.027094431,0.039155364,0.5545338
297,1.7037863,0.019695468,0.027083956,0.039150566,0.5545841
298,1.7039216,0.019682799,0.02707357,0.039145857,0.5546337
299,1.7040553,0.019670255,0.02706334,0.039141223,0.5546825
300,1.7041874,0.019657776,0.027053274,0.039136663,0.5547305
301,1.7043176,0.019645546,0.027043313,0.039132163,0.55477786
302,1.7044463,0.019633383,0.027033523,0.039127767,0.5548244
303,1.7045732,0.01962135,0.02702386,0.03912343,0.5548703
304,1.7046987,0.019609421,0.0270143,0.039119184,0.5549155
305,1.7048223,0.019597694,0.02700489,0.039114982,0.55496
306,1.7049445,0.019585997,0.026995592,0.0391109,0.55500376
307,1.7050651,0.019574527,0.026986383,0.039106846,0.5550469
308,1.7051842,0.019563086,0.02697736,0.039102882,0.55508935
309,1.7053016,0.01955184,0.02696842,0.039098993,0.55513114
310,1.7054176,0.019540671,0.026959613,0.03909512,0.55517226
311,1.7055322,0.019529622,0.026950866,0.03909138,0.5552128
312,1.7056452,0.01951867,0.026942313,0.039087683,0.5552526
313,1.7057568,0.019507859,0.026933782,0.039084062,0.55529183
314,1.7058669,0.019497104,0.0269254,0.039080486,0.55533046
315,1.7059757,0.01948648,0.026917145,0.03907697,0.5553685
316,1.7060829,0.019475985,0.026908979,0.039073497,0.55540586
317,1.7061888,0.019465588,0.026900925,0.039070085,0.5554427
318,1.7062935,0.019455306,0.026892893,0.039066747,0.55547893
319,1.7063967,0.019445114,0.026885048,0.039063483,0.5555145
320,1.7064985,0.019434996,0.02687724,0.03906025,0.55554956
321,1.7065991,0.019424949,0.02686958,0.03905709,0.5555841
322,1.7066984,0.01941507,0.026861988,0.039054006,0.555618
323,1.7067964,0.019405268,0.026854418,0.039050937,0.5556514
324,1.7068931,0.019395534,0.026847035,0.039047927,0.5556843
325,1.7069886,0.01938589,0.026839703,0.03904496,0.5557166
326,1.7070829,0.019376356,0.02683241,0.03904207,0.5557484
327,1.7071757,0.01936695,0.026825272,0.039039224,0.5557796
328,1.7072678,0.019357517,0.026818186,0.039036408,0.55581033
329,1.7073582,0.019348245,0.026811182,0.039033636,0.5558406
330,1.7074478,0.01933907,0.026804209,0.039030924,0.5558703
331,1.707536,0.01932988,0.026797377,0.039028287,0.5558995
332,1.707623,0.019320909,0.026790626,0.039025635,0.55592823
333,1.707709,0.019311942,0.02678392,0.03902307,0.5559565
334,1.7077938,0.019303087,0.026777275,0.03902054,0.55598426
335,1.7078776,0.019294288,0.026770718,0.039018035,0.55601156
336,1.7079602,0.019285556,0.026764236,0.039015606,0.5560384
337,1.7080417,0.01927697,0.026757807,0.039013192,0.5560647
338,1.7081223,0.019268382,0.026751436,0.039010853,0.5560906
339,1.7082018,0.019259889,0.02674514,0.039008528,0.55611604
340,1.70828,0.019251492,0.026738927,0.039006233,0.5561411
341,1.7083573,0.019243155,0.026732743,0.03900397,0.5561657
342,1.7084337,0.019234847,0.026726648,0.039001793,0.5561898
343,1.708509,0.019226652,0.026720643,0.038999587,0.55621344
344,1.7085832,0.019218568,0.026714616,0.03899747,0.5562367
345,1.7086565,0.019210469,0.026708692,0.038995385,0.5562596
346,1.7087288,0.019202512,0.026702866,0.0389933,0.556282
347,1.7088003,0.019194588,0.026697047,0.038991243,0.55630404
348,1.7088705,0.019186776,0.026691236,0.03898923,0.5563257
349,1.7089401,0.019178938,0.02668558,0.03898725,0.5563469
350,1.7090087,0.019171186,0.026679948,0.03898534,0.5563677
351,1.7090763,0.019163538,0.026674323,0.038983434,0.55638814
352,1.709143,0.019155934,0.02666878,0.038981557,0.55640817
353,1.7092088,0.019148417,0.026663251,0.03897968,0.5564279
354,1.7092737,0.019140951,0.02665785,0.03897789,0.55644715
355,1.7093377,0.019133553,0.026652455,0.03897606,0.5564661
356,1.7094009,0.019126147,0.026647136,0.038974255,0.55648464
357,1.7094631,0.019118901,0.026641749,0.038972527,0.5565028
358,1.7095246,0.019111663,0.026636519,0.0389708,0.5565207
359,1.7095851,0.019104473,0.02663131,0.0389691,0.55653816
360,1.7096449,0.019097403,0.02662611,0.038967475,0.5565553
361,1.7097038,0.01909031,0.026621006,0.03896579,0.556572
362,1.709762,0.019083314,0.026615955,0.038964182,0.5565885
363,1.7098192,0.019076344,0.026610874,0.038962632,0.55660456
364,1.7098757,0.019069448,0.026605897,0.038961038,0.5566203
365,1.7099314,0.01906266,0.026600912,0.038959414,0.5566358
366,1.7099863,0.019055832,0.026595987,0.038957924,0.5566509
367,1.7100407,0.019049082,0.026591137,0.038956404,0.55666566
368,1.7100939,0.019042417,0.02658628,0.038954914,0.55668014
369,1.7101467,0.019035771,0.026581466,0.038953424,0.55669427
370,1.7101985,0.019029234,0.026576683,0.038951963,0.55670816
371,1.7102497,0.0190227,0.026571944,0.038950533,0.5567216
372,1.7103,0.01901628,0.026567243,0.038949072,0.55673486
373,1.7103497,0.019009821,0.02656255,0.0389477,0.5567478
374,1.7103988,0.019003429,0.026557915,0.038946316,0.5567604
375,1.7104471,0.018997118,0.026553296,0.03894496,0.5567727
376,1.7104945,0.018990811,0.026548758,0.03894359,0.55678475
377,1.7105416,0.018984579,0.026544213,0.038942248,0.5567965
378,1.7105877,0.018978383,0.026539668,0.038940936,0.556808
379,1.7106333,0.018972252,0.026535213,0.038939625,0.55681914
380,1.7106781,0.01896619,0.026530765,0.038938284,0.55683005
381,1.7107223,0.018960126,0.02652634,0.038937002,0.5568407
382,1.710766,0.018954128,0.026521936,0.038935795,0.556851
383,1.7108086,0.018948216,0.02651757,0.038934484,0.55686116
384,1.7108508,0.018942267,0.026513249,0.038933262,0.55687094
385,1.7108926,0.018936403,0.026508957,0.038931996,0.55688053
386,1.7109334,0.018930614,0.026504643,0.038930804,0.55688983
387,1.7109739,0.018924788,0.026500404,0.03892958,0.5568989
388,1.7110136,0.01891908,0.02649618,0.03892836,0.55690765
389,1.7110527,0.018913366,0.02649194,0.038927197,0.5569162
390,1.7110912,0.01890776,0.02648776,0.038926005,0.55692446
391,1.7111291,0.018902123,0.026483633,0.038924858,0.5569325
392,1.7111663,0.018896587,0.02647949,0.03892365,0.5569403
393,1.7112032,0.018891051,0.026475392,0.038922533,0.5569478
394,1.7112392,0.018885557,0.026471302,0.038921326,0.5569552
395,1.7112747,0.018880159,0.026467226,0.038920224,0.55696225
396,1.7113097,0.018874757,0.02646318,0.038919106,0.55696905
397,1.7113444,0.018869378,0.02645915,0.03891796,0.5569758
398,1.7113781,0.018864065,0.026455171,0.038916796,0.55698216
399,1.7114114,0.01885878,0.026451223,0.03891571,0.55698836
400,1.7114443,0.018853486,0.026447274,0.03891459,0.55699426
401,1.7114764,0.018848315,0.02644331,0.03891349,0.557
402,1.7115083,0.018843137,0.026439413,0.03891237,0.5570055
403,1.7115394,0.01883797,0.026435517,0.038911313,0.55701077
404,1.71157,0.018832896,0.026431628,0.03891024,0.55701584
405,1.7116001,0.018827837,0.026427776,0.038909152,0.5570207
406,1.7116297,0.018822871,0.026423939,0.038908064,0.55702543
407,1.7116588,0.018817917,0.026420087,0.03890699,0.55702984
408,1.7116874,0.018812876,0.026416332,0.03890589,0.55703413
409,1.7117157,0.018808011,0.026412517,0.03890483,0.5570381
410,1.7117432,0.01880312,0.026408762,0.038903758,0.557042
411,1.7117703,0.018798232,0.026405007,0.0389027,0.55704564
412,1.7117971,0.018793471,0.026401266,0.038901657,0.5570491
413,1.7118232,0.01878865,0.026397564,0.038900554,0.5570524
414,1.7118489,0.01878395,0.026393875,0.038899466,0.5570555
415,1.711874,0.01877927,0.02639015,0.038898423,0.55705833
416,1.7118989,0.018774536,0.026386514,0.038897395,0.557061
417,1.7119232,0.01876996,0.026382849,0.038896322,0.5570636
418,1.7119471,0.018765345,0.026379228,0.03889528,0.55706584
419,1.7119702,0.018760778,0.026375577,0.038894176,0.55706805
420,1.7119932,0.018756215,0.026371956,0.038893178,0.55707
421,1.7120159,0.01875168,0.026368372,0.03889212,0.5570718
422,1.7120379,0.018747237,0.026364803,0.038891047,0.55707335
423,1.7120595,0.018742785,0.026361257,0.03889002,0.55707484
424,1.7120806,0.01873837,0.026357725,0.03888893,0.5570761
425,1.7121013,0.01873403,0.026354164,0.03888786,0.5570772
426,1.7121217,0.018729616,0.026350647,0.038886845,0.5570781
427,1.7121416,0.01872532,0.0263471,0.038885772,0.5570789
428,1.7121612,0.018721052,0.026343606,0.03888467,0.55707955
429,1.7121803,0.018716775,0.026340127,0.03888364,0.55708
430,1.712199,0.018712524,0.02633664,0.038882554,0.5570802
431,1.7122173,0.018708374,0.026333168,0.038881466,0.5570804
432,1.7122351,0.018704224,0.026329748,0.038880423,0.5570803
433,1.7122526,0.01870004,0.026326269,0.038879335,0.55708015
434,1.7122698,0.018695906,0.026322864,0.038878262,0.5570798
435,1.7122865,0.018691834,0.026319467,0.03887719,0.55707926
436,1.7123028,0.018687803,0.02631604,0.038876057,0.5570786
437,1.7123188,0.018683802,0.026312694,0.038875014,0.5570778
438,1.7123343,0.018679757,0.026309296,0.03887388,0.5570769
439,1.7123494,0.018675808,0.026305899,0.03887281,0.55707574
440,1.7123642,0.01867187,0.026302569,0.038871735,0.5570745
441,1.7123789,0.018667959,0.026299201,0.038870603,0.5570731
442,1.7123928,0.018664092,0.026295878,0.0388695,0.55707157
443,1.7124066,0.01866021,0.026292525,0.038868397,0.5570699
444,1.71242,0.01865638,0.02628921,0.038867265,0.5570681
445,1.712433,0.01865257,0.026285902,0.038866192,0.55706614
446,1.7124456,0.018648766,0.02628263,0.03886503,0.55706406
447,1.712458,0.01864506,0.026279315,0.038863912,0.55706185
448,1.71247,0.018641304,0.026276052,0.038862765,0.55705947
449,1.7124817,0.01863763,0.026272781,0.038861632,0.557057
450,1.7124931,0.018633887,0.02626954,0.03886053,0.55705434
451,1.712504,0.018630214,0.02626627,0.038859352,0.55705166
452,1.7125148,0.01862666,0.026263021,0.038858175,0.5570488
453,1.712525,0.018623067,0.02625981,0.038857043,0.55704576
454,1.7125349,0.01861949,0.026256576,0.038855866,0.5570426
455,1.7125447,0.018615905,0.02625335,0.038854733,0.5570394
456,1.712554,0.01861237,0.026250191,0.038853496,0.557036
457,1.712563,0.01860886,0.026246965,0.03885229,0.5570325
458,1.7125717,0.018605378,0.026243784,0.038851127,0.5570289
459,1.7125801,0.018601937,0.02624061,0.038849905,0.55702513
460,1.7125884,0.0185985,0.026237436,0.038848728,0.5570213
461,1.7125962,0.01859505,0.02623427,0.03884752,0.5570173
462,1.7126034,0.01859171,0.026231088,0.0388463,0.5570132
463,1.7126107,0.018588325,0.026227966,0.038845077,0.557009
464,1.7126178,0.018584952,0.02622483,0.03884384,0.5570047
465,1.7126243,0.018581657,0.026221707,0.038842604,0.5570003
466,1.7126306,0.01857833,0.026218578,0.038841367,0.55699575
467,1.7126366,0.018575106,0.026215427,0.03884013,0.55699104
468,1.7126424,0.018571781,0.026212357,0.038838893,0.5569863
469,1.7126478,0.018568609,0.026209265,0.038837597,0.55698144
470,1.7126532,0.01856535,0.026206136,0.03883636,0.5569765
471,1.7126579,0.018562188,0.026203029,0.038835064,0.5569714
472,1.7126626,0.018558988,0.026200011,0.038833752,0.5569662
473,1.712667,0.018555844,0.02619692,0.03883247,0.55696094
474,1.7126709,0.018552747,0.026193872,0.038831174,0.5569555
475,1.7126747,0.01854966,0.02619078,0.03882985,0.55695003
476,1.7126783,0.01854654,0.026187733,0.03882855,0.55694443
477,1.7126818,0.018543452,0.026184723,0.038827255,0.5569387
478,1.7126848,0.018540394,0.026181683,0.038825884,0.5569329
479,1.7126874,0.018537387,0.026178636,0.038824543,0.5569271
480,1.71269,0.018534327,0.026175648,0.038823217,0.55692106
481,1.7126923,0.018531408,0.026172608,0.03882183,0.55691504
482,1.7126942,0.018528415,0.02616962,0.038820475,0.55690885
483,1.712696,0.018525414,0.02616658,0.038819134,0.5569026
484,1.7126974,0.018522536,0.0261636,0.038817704,0.5568962
485,1.7126988,0.01851957,0.02616062,0.038816348,0.5568898
486,1.7126997,0.018516721,0.026157647,0.038814932,0.5568832
487,1.7127005,0.018513793,0.026154675,0.038813516,0.55687654
488,1.7127011,0.018510954,0.026151717,0.038812146,0.55686986
489,1.7127013,0.018508147,0.026148759,0.0388107,0.55686307
490,1.7127014,0.018505247,0.026145779,0.038809285,0.5568561
491,1.7127013,0.018502459,0.02614285,0.03880787,0.5568491
492,1.7127007,0.018499687,0.026139908,0.038806394,0.556842
493,1.7127002,0.018496905,0.026136965,0.038804978,0.5568349
494,1.7126994,0.018494152,0.026134029,0.038803473,0.55682766
495,1.7126982,0.018491397,0.026131116,0.038802043,0.55682033
496,1.712697,0.018488716,0.026128188,0.038800523,0.55681294
497,1.7126955,0.018486002,0.026125282,0.038799062,0.5568054
498,1.7126936,0.018483266,0.026122384,0.038797557,0.55679786
499,1.7126917,0.018480642,0.026119433,0.038796052,0.55679023
500,1.7126895,0.018478015,0.026116617,0.038794518,0.5567825
501,1.712687,0.018475302,0.026113719,0.038793012,0.5567747
502,1.7126845,0.018472722,0.026110806,0.038791478,0.55676687
503,1.7126817,0.018470112,0.026107937,0.038789943,0.5567589
504,1.7126787,0.01846751,0.026105031,0.038788408,0.5567508
505,1.7126755,0.018464893,0.026102215,0.03878686,0.55674267
506,1.7126719,0.018462388,0.026099332,0.03878528,0.5567345
507,1.7126684,0.018459806,0.026096486,0.03878367,0.5567263
508,1.7126645,0.018457247,0.026093677,0.03878212,0.5567179
509,1.7126604,0.018454766,0.026090786,0.038780525,0.5567095
510,1.7126563,0.018452244,0.026087984,0.03877893,0.55670106
511,1.7126518,0.018449761,0.02608516,0.03877735,0.5566925
512,1.7126472,0.018447276,0.026082337,0.038775712,0.5566839
513,1.7126423,0.018444844,0.026079506,0.038774118,0.5566752
514,1.7126374,0.018442363,0.026076727,0.03877248,0.55666643
515,1.7126322,0.0184399,0.026073933,0.03877084,0.5566576
516,1.7126267,0.018437527,0.02607108,0.038769215,0.55664873
517,1.7126211,0.018435067,0.026068307,0.038767517,0.55663973
518,1.7126154,0.018432733,0.026065499,0.038765833,0.55663073
519,1.7126094,0.01843036,0.02606272,0.03876418,0.5566217
520,1.7126034,0.018427953,0.026059933,0.038762495,0.5566125
521,1.712597,0.018425602,0.026057206,0.038760796,0.55660325
522,1.7125906,0.018423242,0.026054427,0.038759112,0.556594
523,1.7125838,0.018420905,0.02605167,0.03875737,0.5565846
524,1.712577,0.018418593,0.026048906,0.038755685,0.55657524
525,1.71257,0.018416312,0.026046112,0.038753986,0.55656576
526,1.7125629,0.018414011,0.026043415,0.038752213,0.5565563
527,1.7125555,0.018411694,0.02604065,0.03875047,0.5565467
528,1.7125481,0.018409472,0.026037917,0.03874874,0.55653703
529,1.7125403,0.018407222,0.02603519,0.038746968,0.55652726
530,1.7125324,0.018404946,0.026032493,0.038745195,0.5565175
531,1.7125245,0.01840268,0.026029795,0.038743436,0.5565077
532,1.7125163,0.018400507,0.026027039,0.03874165,0.5564978
533,1.7125078,0.018398322,0.026024334,0.03873983,0.5564879
534,1.7124995,0.01839613,0.026021622,0.038738012,0.5564779
535,1.7124908,0.0183939,0.026018962,0.03873624,0.55646783
536,1.7124819,0.018391762,0.026016235,0.03873439,0.55645776
537,1.7124729,0.018389542,0.026013553,0.03873259,0.55644757
538,1.7124639,0.01838743,0.026010878,0.03873074,0.5564374
539,1.7124546,0.018385276,0.026008248,0.038728923,0.5564271
540,1.7124451,0.018383157,0.026005566,0.03872709,0.55641675
541,1.7124355,0.01838098,0.026002884,0.038725212,0.55640644
542,1.7124258,0.018378885,0.026000239,0.038723335,0.556396
543,1.7124159,0.018376831,0.025997564,0.038721442,0.5563855
544,1.7124058,0.018374749,0.02599492,0.038719565,0.556375
545,1.7123955,0.018372577,0.025992304,0.038717687,0.5563644
546,1.7123853,0.018370513,0.025989674,0.03871581,0.55635375
547,1.7123748,0.018368412,0.025987037,0.038713902,0.5563431
548,1.7123641,0.018366372,0.025984399,0.038711965,0.55633235
549,1.7123533,0.018364413,0.025981762,0.038710013,0.5563216
550,1.7123426,0.018362312,0.025979131,0.03870809,0.5563108
551,1.7123315,0.018360276,0.025976568,0.038706183,0.5562999
552,1.7123203,0.018358285,0.025973938,0.038704246,0.556289
553,1.7123091,0.018356266,0.02597139,0.038702264,0.5562781
554,1.7122976,0.01835426,0.025968745,0.038700297,0.5562671
555,1.7122861,0.01835221,0.025966197,0.038698316,0.556256
556,1.7122744,0.018350277,0.02596359,0.03869635,0.55624497
557,1.7122624,0.01834834,0.025960997,0.038694352,0.5562338
558,1.7122505,0.018346345,0.025958426,0.038692355,0.5562226
559,1.7122384,0.018344384,0.025955856,0.03869039,0.55621135
560,1.712226,0.018342365,0.025953352,0.038688347,0.55620015
561,1.7122138,0.018340472,0.025950752,0.038686365,0.55618876
562,1.7122012,0.018338485,0.025948226,0.038684368,0.5561774
563,1.7121887,0.01833657,0.025945686,0.038682297,0.55616605
564,1.712176,0.01833471,0.02594313,0.038680255,0.5561546
565,1.7121631,0.018332805,0.025940575,0.03867823,0.55614316
566,1.7121501,0.018330907,0.025938034,0.038676128,0.5561316
567,1.712137,0.018328955,0.025935523,0.038674086,0.5561201
568,1.7121236,0.018327074,0.02593299,0.03867203,0.5561085
569,1.7121104,0.018325187,0.02593048,0.038669974,0.55609685
570,1.7120969,0.01832333,0.02592796,0.038667887,0.5560852
571,1.7120835,0.01832142,0.025925465,0.03866574,0.5560735
572,1.7120696,0.018319588,0.025922984,0.038663685,0.55606174
573,1.7120559,0.018317709,0.025920473,0.0386616,0.55604994
574,1.712042,0.018315947,0.025917962,0.038659453,0.55603814
575,1.7120279,0.018314019,0.025915526,0.038657323,0.5560262
576,1.7120137,0.018312188,0.02591303,0.03865522,0.55601436
577,1.7119995,0.018310366,0.025910586,0.03865309,0.55600244
578,1.711985,0.01830856,0.025908075,0.03865096,0.55599046
579,1.7119707,0.018306691,0.025905654,0.03864883,0.5559785
580,1.711956,0.018304871,0.025903195,0.03864667,0.55596644
581,1.7119414,0.018303085,0.025900714,0.038644522,0.55595434
582,1.7119266,0.018301273,0.02589827,0.03864236,0.5559423
583,1.7119117,0.018299503,0.025895827,0.038640156,0.55593014
584,1.7118965,0.018297724,0.025893405,0.038637996,0.5559179
585,1.7118815,0.0182959,0.025890984,0.03863582,0.55590576
586,1.7118664,0.018294144,0.02588854,0.038633645,0.55589354
587,1.7118511,0.018292384,0.025886104,0.03863141,0.55588126
588,1.7118356,0.01829058,0.025883712,0.03862922,0.555869
589,1.71182,0.018288862,0.025881298,0.03862697,0.55585665
590,1.7118044,0.01828711,0.025878906,0.038624823,0.55584425
591,1.7117888,0.018285356,0.025876462,0.038622558,0.5558319
592,1.7117729,0.018283622,0.025874108,0.038620323,0.5558195
593,1.7117571,0.018281855,0.025871694,0.038618118,0.555807
594,1.7117411,0.018280134,0.02586931,0.038615882,0.55579454
595,1.7117249,0.01827838,0.025866948,0.038613588,0.555782
596,1.7117089,0.018276623,0.025864609,0.038611352,0.5557695
597,1.7116926,0.018274914,0.025862232,0.038609073,0.555757
598,1.7116761,0.018273242,0.02585984,0.038606837,0.5557443
599,1.7116597,0.018271524,0.025857486,0.038604558,0.5557318
600,1.7116431,0.018269777,0.025855146,0.038602263,0.5557191
601,1.7116264,0.018268107,0.025852785,0.038599968,0.5557064
602,1.7116097,0.018266348,0.025850475,0.038597718,0.5556937
603,1.7115929,0.018264689,0.025848143,0.038595393,0.555681
604,1.711576,0.01826296,0.025845774,0.038593143,0.55566823
605,1.711559,0.01826134,0.025843412,0.03859076,0.5556555
606,1.711542,0.018259663,0.025841117,0.038588464,0.55564266
607,1.7115247,0.018257992,0.02583877,0.03858617,0.55562985
608,1.7115076,0.018256277,0.025836498,0.03858389,0.555617
609,1.71149,0.018254614,0.02583421,0.03858152,0.5556041
610,1.7114727,0.018252898,0.025831953,0.038579196,0.5555912
611,1.7114552,0.018251268,0.025829598,0.038576886,0.55557823
612,1.7114377,0.018249635,0.025827318,0.038574547,0.55556536
613,1.71142,0.018247975,0.025825016,0.038572147,0.55555236
614,1.7114023,0.018246286,0.025822729,0.038569808,0.55553937
615,1.7113844,0.018244682,0.025820464,0.038567454,0.5555264
616,1.7113665,0.018243011,0.02581817,0.03856507,0.5555133
617,1.7113487,0.018241357,0.025815941,0.03856273,0.55550027
618,1.7113305,0.018239709,0.025813714,0.038560346,0.55548716
619,1.7113124,0.01823807,0.025811456,0.038557947,0.5554741
620,1.7112942,0.018236408,0.025809176,0.038555577,0.55546093
621,1.711276,0.018234767,0.025806949,0.038553193,0.5554478
622,1.7112576,0.01823318,0.025804698,0.038550794,0.55543464
623,1.7112392,0.01823154,0.025802463,0.038548395,0.5554214
624,1.7112207,0.018229898,0.025800258,0.038545966,0.55540824
625,1.7112023,0.018228274,0.025798045,0.038543597,0.555395
626,1.7111834,0.018226668,0.025795825,0.038541168,0.5553818
627,1.7111648,0.018225066,0.02579359,0.038538754,0.5553685
628,1.711146,0.01822344,0.025791407,0.03853631,0.5553552
629,1.7111272,0.01822182,0.025789171,0.03853391,0.5553419
630,1.7111083,0.018220197,0.025786981,0.038531497,0.5553286
631,1.7110893,0.018218622,0.02578479,0.03852904,0.55531526
632,1.7110703,0.018217025,0.02578263,0.03852658,0.5553019
633,1.711051,0.018215433,0.025780462,0.03852415,0.55528855
634,1.711032,0.01821382,0.025778241,0.038521707,0.55527514
635,1.7110127,0.018212194,0.025776088,0.038519233,0.55526173
636,1.7109934,0.018210616,0.025773935,0.038516745,0.5552483
637,1.7109739,0.018209077,0.025771745,0.038514316,0.55523485
638,1.7109547,0.018207427,0.025769629,0.038511857,0.55522144
639,1.7109351,0.018205848,0.025767468,0.038509354,0.5552079
640,1.7109156,0.018204283,0.025765292,0.038506925,0.55519444
641,1.7108959,0.01820263,0.025763176,0.038504466,0.5551809
642,1.7108761,0.018201081,0.025761053,0.038501978,0.5551674
643,1.7108564,0.01819947,0.025758944,0.03849946,0.55515385
644,1.7108366,0.018197918,0.025756821,0.038496986,0.5551404
645,1.7108167,0.018196367,0.025754705,0.038494498,0.5551268
646,1.7107968,0.018194769,0.025752567,0.038491994,0.5551132
647,1.7107769,0.018193167,0.02575045,0.038489535,0.55509955
648,1.710757,0.018191623,0.025748335,0.038487002,0.555086
649,1.7107368,0.018190049,0.025746256,0.038484454,0.55507237
650,1.7107166,0.0181885,0.025744177,0.038481936,0.5550587
651,1.7106966,0.018186877,0.025742106,0.038479462,0.55504507
652,1.7106762,0.018185321,0.02574002,0.03847696,0.5550314
653,1.7106559,0.01818379,0.025737919,0.03847438,0.5550177
654,1.7106355,0.018182237,0.025735833,0.038471878,0.55500406
655,1.710615,0.01818064,0.025733799,0.038469344,0.55499035
656,1.7105945,0.018179063,0.02573172,0.038466826,0.55497664
657,1.7105743,0.018177483,0.025729686,0.03846425,0.55496293
658,1.7105535,0.01817596,0.025727585,0.03846176,0.55494916
659,1.7105329,0.01817439,0.025725566,0.038459197,0.55493546
660,1.7105123,0.018172856,0.025723532,0.03845665,0.5549217
661,1.7104915,0.018171305,0.025721438,0.038454115,0.554908
662,1.7104708,0.018169735,0.025719464,0.038451552,0.55489415
663,1.7104499,0.018168177,0.025717422,0.03844899,0.5548803
664,1.7104291,0.018166598,0.025715418,0.038446456,0.55486655
665,1.7104082,0.018165054,0.025713392,0.038443908,0.5548527
666,1.7103872,0.018163495,0.025711387,0.038441345,0.5548389
667,1.7103661,0.01816196,0.025709376,0.038438737,0.5548251
668,1.7103451,0.01816045,0.025707342,0.038436174,0.5548113
669,1.7103239,0.01815886,0.02570539,0.03843364,0.5547974
670,1.710303,0.018157257,0.025703408,0.03843105,0.5547835
671,1.7102817,0.01815572,0.025701419,0.038428456,0.5547697
672,1.7102605,0.018154213,0.02569943,0.038425893,0.55475587
673,1.7102392,0.01815262,0.025697507,0.03842333,0.5547419
674,1.7102178,0.018151144,0.02569548,0.03842075,0.5547281
675,1.7101964,0.018149609,0.025693499,0.03841816,0.55471414
676,1.7101752,0.018148057,0.025691561,0.03841558,0.55470026
677,1.7101536,0.018146493,0.025689624,0.03841296,0.55468637
678,1.7101321,0.018144965,0.025687642,0.038410366,0.5546724
679,1.7101105,0.018143404,0.025685705,0.038407788,0.55465853
680,1.7100888,0.01814192,0.025683746,0.03840518,0.5546446
681,1.7100674,0.018140342,0.025681794,0.038402557,0.55463064
682,1.7100458,0.018138755,0.025679924,0.03839998,0.5546167
683,1.710024,0.018137269,0.025677957,0.038397342,0.55460274
684,1.7100024,0.018135661,0.025676042,0.03839475,0.5545888
685,1.7099806,0.018134143,0.025674134,0.038392156,0.55457485
686,1.7099588,0.018132627,0.02567222,0.038389564,0.55456084
687,1.709937,0.018131098,0.025670297,0.03838694,0.55454683
688,1.709915,0.018129535,0.025668442,0.03838432,0.5545329
689,1.7098932,0.018127965,0.025666527,0.038381696,0.5545189
690,1.7098712,0.018126471,0.025664657,0.038379103,0.5545049
691,1.7098492,0.01812491,0.025662787,0.038376436,0.55449086
692,1.7098272,0.018123366,0.025660865,0.038373798,0.55447686
693,1.7098053,0.018121833,0.02565898,0.038371235,0.5544629
694,1.7097831,0.018120281,0.025657095,0.038368538,0.5544489
695,1.709761,0.018118752,0.025655225,0.03836596,0.55443484
696,1.7097389,0.018117206,0.025653407,0.038363338,0.5544208
697,1.7097167,0.01811563,0.02565156,0.0383607,0.55440676
698,1.7096944,0.018114176,0.02564969,0.038358063,0.55439276
699,1.7096722,0.018112602,0.025647826,0.03835544,0.55437875
700,1.7096499,0.018111067,0.025646001,0.038352787,0.5543647
701,1.7096276,0.018109474,0.025644153,0.03835018,0.5543506
702,1.7096052,0.018107997,0.025642276,0.038347512,0.5543366
703,1.7095829,0.018106438,0.02564051,0.03834489,0.5543226
704,1.7095605,0.018104905,0.025638692,0.038342252,0.5543085
705,1.7095381,0.018103369,0.025636882,0.038339585,0.5542944
706,1.7095157,0.01810181,0.025635056,0.038336992,0.5542804
707,1.7094932,0.018100329,0.025633253,0.038334295,0.55426633
708,1.7094706,0.018098777,0.025631458,0.038331658,0.55425227
709,1.7094482,0.018097192,0.025629647,0.03832902,0.5542382
710,1.7094256,0.01809568,0.025627822,0.038326383,0.55422413
711,1.709403,0.018094156,0.025626086,0.03832373,0.55421007
712,1.7093804,0.01809261,0.025624305,0.038321078,0.554196
713,1.7093576,0.018091127,0.025622472,0.038318366,0.554182
714,1.7093352,0.018089533,0.025620706,0.038315758,0.5541679
715,1.7093123,0.018087985,0.025618933,0.038313106,0.55415386
716,1.7092898,0.01808641,0.025617205,0.03831044,0.55413973
717,1.7092668,0.01808491,0.025615424,0.03830777,0.55412567
718,1.7092441,0.018083343,0.02561368,0.03830515,0.5541116
719,1.7092214,0.018081827,0.025611922,0.03830245,0.55409753
720,1.7091985,0.01808024,0.025610164,0.03829986,0.55408347
721,1.7091757,0.018078756,0.025608413,0.038297147,0.5540694
722,1.7091528,0.018077195,0.025606677,0.038294524,0.55405533
723,1.7091299,0.018075645,0.02560497,0.038291827,0.5540412
724,1.709107,0.01807412,0.02560325,0.03828919,0.55402714
725,1.7090842,0.01807262,0.025601476,0.038286522,0.5540131
726,1.7090613,0.018071037,0.025599785,0.038283855,0.553999
727,1.7090383,0.018069481,0.025598079,0.038281187,0.55398494
728,1.7090151,0.018067949,0.025596373,0.03827852,0.5539708
729,1.7089924,0.018066384,0.025594682,0.038275853,0.5539568
730,1.7089692,0.018064845,0.02559296,0.0382732,0.55394274
731,1.7089461,0.01806331,0.025591277,0.038270578,0.5539287
732,1.7089231,0.018061751,0.025589593,0.038267925,0.55391455
733,1.7089001,0.018060217,0.02558788,0.0382652,0.55390054
734,1.708877,0.018058646,0.02558621,0.038262576,0.5538865
735,1.7088537,0.01805712,0.025584526,0.038259894,0.5538724
736,1.7088307,0.018055553,0.025582872,0.038257226,0.5538583
737,1.7088076,0.018054057,0.025581181,0.03825456,0.55384433
738,1.7087843,0.01805243,0.025579542,0.03825192,0.5538302
739,1.7087611,0.018050943,0.025577873,0.03824924,0.5538162
740,1.708738,0.018049415,0.025576204,0.038246557,0.55380213
741,1.7087148,0.018047877,0.02557458,0.038243875,0.55378807
742,1.7086916,0.018046264,0.02557294,0.038241208,0.55377406
743,1.7086682,0.018044747,0.025571264,0.038238555,0.55376
744,1.708645,0.018043157,0.025569648,0.038235903,0.5537459
745,1.7086217,0.018041622,0.025568053,0.03823322,0.5537319
746,1.7085986,0.018040067,0.025566377,0.038230553,0.55371785
747,1.7085751,0.01803856,0.02556473,0.038227886,0.55370384
748,1.7085518,0.018037003,0.02556315,0.038225204,0.55368984
749,1.7085286,0.018035414,0.025561549,0.038222566,0.5536758
750,1.7085052,0.018033871,0.02555991,0.0382199,0.55366176
751,1.7084818,0.01803232,0.025558315,0.038217247,0.55364776
752,1.7084585,0.018030751,0.025556758,0.038214564,0.5536337
753,1.7084352,0.018029176,0.025555156,0.038211897,0.55361974
754,1.7084117,0.018027639,0.025553562,0.038209274,0.5536057
755,1.7083883,0.018026106,0.025551938,0.038206577,0.55359167
756,1.7083648,0.018024515,0.02555038,0.038203895,0.5535777
757,1.7083415,0.01802304,0.025548786,0.038201258,0.5535637
758,1.708318,0.018021435,0.025547244,0.038198575,0.55354977
759,1.7082945,0.018019885,0.025545679,0.03819588,0.55353576
760,1.708271,0.018018346,0.025544085,0.038193256,0.55352175
761,1.7082478,0.018016798,0.025542535,0.03819062,0.5535078
762,1.7082243,0.01801521,0.025540985,0.03818792,0.55349386
763,1.7082007,0.018013682,0.025539398,0.038185254,0.5534799
764,1.7081772,0.01801208,0.025537841,0.038182586,0.5534659
765,1.7081536,0.018010538,0.025536321,0.03817992,0.55345196
766,1.7081302,0.018008996,0.025534771,0.03817728,0.55343807
767,1.7081066,0.018007413,0.025533259,0.038174614,0.55342406
768,1.7080832,0.0180059,0.025531687,0.038171962,0.5534102
769,1.7080597,0.018004306,0.025530212,0.038169295,0.55339617
770,1.7080361,0.018002752,0.025528647,0.038166642,0.5533823
771,1.7080126,0.018001214,0.02552715,0.03816396,0.55336833
772,1.707989,0.017999636,0.025525622,0.038161337,0.5533545
773,1.7079655,0.017998055,0.025524132,0.038158655,0.55334055
774,1.7079418,0.01799647,0.025522627,0.038156018,0.55332667
775,1.7079183,0.017994905,0.025521137,0.03815332,0.5533128
776,1.7078948,0.017993364,0.025519624,0.038150743,0.55329883
777,1.7078712,0.017991826,0.025518097,0.03814803,0.55328506
778,1.7078477,0.017990246,0.025516652,0.038145393,0.5532712
779,1.7078241,0.017988699,0.02551514,0.03814277,0.5532573
780,1.7078005,0.017987125,0.025513709,0.038140103,0.5532434
781,1.7077769,0.017985545,0.025512196,0.038137466,0.5532296
782,1.7077532,0.017983982,0.025510713,0.038134843,0.55321574
783,1.7077296,0.017982343,0.025509298,0.03813219,0.5532018
784,1.7077061,0.017980814,0.025507823,0.03812951,0.553188
785,1.7076825,0.017979227,0.025506377,0.038126856,0.55317426
786,1.7076589,0.017977685,0.025504865,0.03812425,0.5531604
787,1.7076352,0.017976142,0.025503427,0.038121596,0.5531466
788,1.7076117,0.017974544,0.025502019,0.038118944,0.5531328
789,1.707588,0.017972969,0.025500596,0.03811632,0.553119
790,1.7075644,0.0179714,0.02549912,0.038113654,0.55310524
791,1.7075408,0.017969787,0.025497697,0.03811103,0.5530914
792,1.707517,0.017968263,0.025496267,0.038108364,0.5530777
793,1.7074934,0.017966732,0.025494814,0.038105756,0.5530639
794,1.7074699,0.017965142,0.025493398,0.038103133,0.55305016
795,1.7074463,0.017963573,0.025491968,0.03810051,0.55303645
796,1.7074226,0.017962035,0.025490567,0.038097844,0.55302274
797,1.707399,0.017960444,0.025489144,0.038095236,0.5530089
798,1.7073754,0.017958853,0.025487721,0.038092583,0.55299526
799,1.7073518,0.017957283,0.02548635,0.038089976,0.5529815
800,1.7073282,0.017955683,0.025484942,0.038087368,0.55296785
